critic_input_mode,clip_range,seed,actor_loss,critic_loss,entropy,total_env_steps,completed_episodes
global,0.05,42,-0.02924397774040699,0.5032439172267914,2.9131524085998537,51200,40
global,0.1,42,-0.031351839751005174,0.2402994453907013,3.121657705307007,51200,38
agent_specific,0.05,42,-0.02981964647769928,0.44845290184020997,2.9674927234649657,51200,39
agent_specific,0.1,42,-0.03150234073400497,0.28732326030731203,3.1327556133270265,51200,40
